{
  "idle": {
    "cpu_mw": 573.3295121951219,
    "gpu_mw": 66.30248536585366,
    "ane_mw": 0.0,
    "n_samples": 41
  },
  "rows": [
    {
      "shape": "router_stress_dense",
      "batch": 128,
      "unit": "CPU_AND_NE",
      "warmup_iters": 228,
      "steady_iters": 1371,
      "steady_s": 30.003985249903053,
      "iter_per_s": 45.693929942337576,
      "us_per_iter": 21884.74489416707,
      "us_per_token": 170.97456948568023,
      "steady_cpu_mw": 2361.349492753623,
      "steady_gpu_mw": 63.76347608695653,
      "steady_ane_mw": 603.2362173913043,
      "n_samples": 138,
      "idle_cpu_mw": 573.3295121951219,
      "idle_gpu_mw": 66.30248536585366,
      "idle_ane_mw": 0.0,
      "delta_cpu_mw": 1788.0199805585012,
      "delta_gpu_mw": 0.0,
      "delta_ane_mw": 603.2362173913043,
      "delta_total_mw": 2391.2561979498055,
      "mj_per_token": 0.4088439989744325
    },
    {
      "shape": "router_stress_dense",
      "batch": 128,
      "unit": "CPU_ONLY",
      "warmup_iters": 448,
      "steady_iters": 2580,
      "steady_s": 30.0002817499917,
      "iter_per_s": 85.99919232427588,
      "us_per_iter": 11628.016182167326,
      "us_per_token": 90.84387642318224,
      "steady_cpu_mw": 8267.357518248175,
      "steady_gpu_mw": 91.17599854014598,
      "steady_ane_mw": 0.0,
      "n_samples": 137,
      "idle_cpu_mw": 573.3295121951219,
      "idle_gpu_mw": 66.30248536585366,
      "idle_ane_mw": 0.0,
      "delta_cpu_mw": 7694.028006053053,
      "delta_gpu_mw": 24.873513174292327,
      "delta_ane_mw": 0.0,
      "delta_total_mw": 7718.9015192273455,
      "mj_per_token": 0.7012149357354025
    },
    {
      "shape": "mixtral-8x7b",
      "batch": 1,
      "unit": "CPU_AND_NE",
      "warmup_iters": 51604,
      "steady_iters": 328902,
      "steady_s": 30.000026541994885,
      "iter_per_s": 10963.390300325025,
      "us_per_iter": 91.21266073783342,
      "us_per_token": 91.21266073783342,
      "steady_cpu_mw": 6626.615693430656,
      "steady_gpu_mw": 26253.762233576643,
      "steady_ane_mw": 0.0,
      "n_samples": 137,
      "idle_cpu_mw": 573.3295121951219,
      "idle_gpu_mw": 66.30248536585366,
      "idle_ane_mw": 0.0,
      "delta_cpu_mw": 6053.286181235535,
      "delta_gpu_mw": 26187.45974821079,
      "delta_ane_mw": 0.0,
      "delta_total_mw": 32240.745929446326,
      "mj_per_token": 2.9407642203972713
    }
  ]
}